Team,League,Year,RA,W,OBP,SLG,BA,Playoffs,RankSeason,RankPlayoffs,G,OOBP,OSLG,RS
ARI,NL,2012,688,81,0.32799999999999996,0.418,0.259,0,,,162,0.317,0.415,727.5297195879169
ATL,NL,2012,600,94,0.32,0.389,0.247,1,4.0,5.0,162,0.306,0.37799999999999995,700.4460737915676
BAL,AL,2012,705,93,0.311,0.41700000000000004,0.247,1,5.0,4.0,162,0.315,0.40299999999999997,722.3287454832642
